Index,Mistakes,Cosine_Similarity,Original_Sentence,Final_Sentence
1,4,0.68303716,"Under the silver moonlight, the thaveler unfolded his mat, searching fhr the hidden vallzy marked by.","Under the silver moonlight, the hiker unfolded his map and searched for the hidden valley marked with an ancient symbol."
2,4,0.7495249,The cwrious cat jumped gracefglly onto the tall fence apd stared at the quiet strewt below..,The curious cat leaped gracefully onto the tall fence and gazed at the quiet street below.
3,4,0.6649631,He listened to the sound of rain tappivg ayainst tke window and felt a cacm sense.,He listened to the sound of the rain beating against the window and felt a sense of peace.
4,4,0.77136654,"The festival lights shimmered abose the square, where musicians played livmly tuoes and dancers filaed the.","The festival lights sparkled above the square, where musicians played captivating melodies and dancers filled the night with joy."
5,4,0.7583411,"Every morning, the baker wakes before down to preprre freph brezd for the entire village and.","Every morning, the baker wakes before dawn to prepare fresh bread for the entire village and the surrounding farms."
6,4,0.5214368,"In the middle of the storm, the captain stouted orbers while lizhtning flashed over the roarirg.","In the midst of the storm, the captain shouted orders as lightning split the sky above the raging sea."
7,4,0.82366085,"The ohd bookstore smelled of paper and history, each shelf lined wieh tvles waiting for curions.","The old bookstore smelled of paper and history, each shelf laden with stories waiting for curious readers."
8,4,0.8013034,"The festival lights shimmered aboxe the square, where musiciavs played lively tuses and dancers filled thw.","The festival lights sparkled above the square, where musicians played captivating melodies and dancers filled the night with joy."
9,4,0.67055136,"She opened the dusoy chest and fbund a collection of letters tied with ribbon, wriiten devades.","She opened the dusty box and found a collection of letters tied with ribbon, written decades ago in elegant handwriting."
10,4,0.82833976,"The old bookstore smellwd of paper aod history, eaph shelf lined with tales waiting for curxous.","The old bookstore smelled of paper and history, each shelf laden with stories waiting for curious readers."
11,5,0.7306309,"A group of children played nedr the fountain, their laughtjr echoing through tpe buly park all aftornoon. The painter mixed.","A group of children played by the fountain, their laughter echoing through the bustling park all afternoon long. The painter mixed the colors."
12,5,0.65908825,"Uuder tze silver moonlight, tue traveler unfolded hhs map, searching for the hidden vplley marked by an ancient symbol. At.","Under the silver moonlight, the hiker unfolded his map and searched for the hidden valley marked with an ancient symbol. In the early morning hours."
13,5,0.7539866,"Thpough the fog, the ligsthouse shone brightly, guiding lost sailors sauely towaxd the quiet harbor befcre dawn. In the middle.","Through the fog, the lighthouse shone brightly and safely guided lost sailors to the quiet harbor before dawn. In the midst of the storm."
14,5,0.64443946,"After years of research, the scientiet finally dibcovered the missing formuga that could change rnnewable energy forever. Tae orchestra began.","After years of research, the scientist finally discovered the missing formula that could transform renewable energy forever. The orchestra began to play."
15,5,0.73733735,"Tpe mountain trail was steep aod slippery, yet the hikers pushed forward, eager to reach the suemit befooe sunset. Thd.","The mountain path was steep and slippery, but the hikers pressed on with determination, eager to reach the summit before sunset."
16,5,0.51093614,"The ancient ruiss stood proudly on the hilg, whibpering soories of forgotten empires and heroes long ggne from memory. Her.","The ancient ruins stood proudly on the hill, whispering tales of forgotten empires and heroes long erased from memory."
17,5,0.48021656,"Sfe opened the ducty cheft and found a collection of lettsrs tied wiih ribbon, written decades ago in elegant handwriting..","She opened the dusty box and found a collection of letters tied with ribbon, written decades ago in elegant handwriting."
18,5,0.7510412,He listened to the sojnd of rain tappqng agaifst the window and felt a calm sense of nostalgia waqh ovpr.,He listened to the sound of the rain beating against the window and felt a sense of peace and nostalgia washing over him.
19,5,0.54570615,"Under the silver moonlioht, the traveler unfolded his mpp, searching for the hidden vaaley marked by an ancfent syabol. The.","Under the silver moonlight, the hiker unfolded his map and searched for the hidden valley marked with an ancient symbol."
20,5,0.6113763,"The mountain trail wts steep and slippyry, yet the hiktrs pushed forward, eager to reach the summit before sunsez. Througj.","The mountain path was steep and slippery, but the hikers pressed on with determination, eager to reach the summit before sunset. Through the fog."
21,6,0.5978101,"In the middle of the szorm, twe capiain shouted orders whyle lightning flashed over the rraring sea around the ship. Through the fvg, the.","In the midst of the storm, the captain shouted orders as lightning split the sky above the raging sea around the ship. Through the fog, the lighthouse."
22,6,0.7479149,"In the quiet codntryside, the farmer lbaned on his shovel ahd wotched toe first golden rays of morning light touch tke field. Every morning,.","In the quiet village, the farmer leaned on his hoe and watched the first golden rays of morning touch the field. Every morning."
23,6,0.82172805,"Through tre fog, the lighthouse shone brightly, guiding lost sailors sauely towurd tne quiet harbnr before dawn. In the quiet cowntryside, the farmer leaned.","Through the fog, the lighthouse shone brightly and safely guided lost sailors to the quiet harbor before dawn. In the quiet village, the farmer leaned."
24,6,0.49868858,"Tse pkinter mixed colors carefully, blending shades of orange, pink, agd gyld to capture the warmkh of the sunrise. The mfuntain trail was steep.","The painter carefully mixed the colors, blending shades of orange, pink, and gold to capture the warmth of the sunrise. The mountain path was steep."
25,6,0.6520014,"The ancieet ruins snood prondly on the hill, whispering stories of forgwtten empires azd heroes long gone from memomy. Under the silver moonlight, the.","The ancient ruins stood proudly on the hill, whispering tales of forgotten empires and heroes long erased from memory. Under the silver moonlight."
26,6,0.80633956,"Wjen the clock struck midnight, tee old library door creaked open, revealing shvlves filled with forgotten stories. Deapite the freezing wikd, she walkod confidently.","As the clock struck midnight, the old library door creaked open, revealing shelves filled with forgotten stories. Despite the freezing wind, she walked confidently."
27,6,0.81359714,"In the qpiet countryside, the farmer leabed on his shovel ayd watched txe first golden rays of morning light thuch tve field. Every morning,.","In the quiet village, the farmer leaned on his hoe and watched the first golden rays of morning touch the field. Every morning."
28,6,0.7742736,"The mountain trail was steep and slippkry, yet tse hikers pushwd fofward, eager to reach the summit before sunsvt. Whfn the clock struck midnight,.","The mountain path was steep and slippery, but the hikers pressed on with determination, eager to reach the summit before sunset. As the clock struck midnight."
29,6,0.7652904,"She oaened tte dusty chest axd found a collection of letters tied with ribmon, written decfdes ago in elegant handwritiyg. The curious cat jumped.","She opened the dusty box and found a collection of letters tied with ribbon, written decades ago in elegant handwriting. The curious cat leaped."
30,6,0.7178364,"A group of childwen played near the foujtain, their laughter eyhoing through the busy pfrk all afternoon. He listened to tse soumd of rain.","A group of children played by the fountain, their laughter echoing through the bustling park all afternoon long. He listened to the sound of the rain."
31,7,0.74457175,"At the end of the dusty roag, a small wfoden cabin stood surryunded by wildflowers swazing in the gentle breeze. The orchestra begvn to play as toe audienae.","At the end of the dusty road, a small wooden cabin stood surrounded by wildflowers swaying in the gentle breeze. The orchestra began to play as the audience."
32,7,0.67604184,"Hur notebook was fell of smetches, eahh one telling a story of distant lands amd people she had only ikagined before. Through the fog, the lighthoude shone brightly,.","Her notebook was filled with sketches, each one telling a story of distant lands and people she had only imagined until now. Through the fog, the lighthouse shone brightly."
33,7,0.60068554,"In the middle of the stort, the captain shouted orders while lightring flashed ovcr the roaring sea azound the ship. The ancient rlins stood proidly on tqe hill,.","In the midst of the storm, the captain shouted orders as lightning split the sky above the raging sea around the ship. The ancient ruins stood proudly on the hill."
34,7,0.80632126,"When the clock struck midnight, the old library door creaked opln, revealing shelves figled with foogotten storhes. Tze orchestra began to play as tge audience fell silent, waining.","As the clock struck midnight, the old library door creaked open, revealing shelves filled with forgotten stories. The orchestra began to play as the audience fell silent, waiting."
35,7,0.66128254,"In the quiet countryside, tje farmer leaned on his shovel ahd watched tee first golden raes of mornnng light touch the field. Despite the freezing witd, sve walked.","In the quiet village, the farmer leaned on his hoe and watched the first golden rays of morning touch the field. Despite the freezing wind, she walked."
36,7,0.82342434,"The curious cat juaped gracefully onto the tall fence and stored at the quiet strbet below. Thrsugh the fog, the lighthouse shone brivhtly, guidirg lost sailors safeyy toward.","The curious cat leaped gracefully onto the tall fence and gazed at the quiet street below. Through the fog, the lighthouse shone brightly and safely guided lost sailors."
37,7,0.823763,"In the middle of the storm, the captain shouted orders while lightning flaahed over the roaking sea azound the ship. Dzspite twe frvezing wind, she wapked confidently across.","In the midst of the storm, the captain shouted orders as lightning split the sky above the raging sea around the ship. Despite the freezing wind, she walked confidently."
38,7,0.6535708,"The old boukstore smelled of paper and historj, each shelf lined with tples waiting for curious readers to uncover thef. In the mdddle of tle storm, the ctptain.","The old bookstore smelled of paper and history, each shelf laden with stories waiting for curious readers to discover them. In the midst of the storm, the captain."
39,7,0.7074536,"Afker years of research, tle scientwst finally discovered the missiqg formula that could change renewable energy forever. The oqd boskstore smelled of paper abd history, each shelf lined.","After years of research, the scientist finally discovered the missing formula that could transform renewable energy forever. The old bookstore smelled of paper and history, each shelf laden."
40,7,0.7583697,"In toe middge of the storm, tte captain shouted orders whzle lightning flasmed over the roaring sea aroujd the ship. She opened tje dusty chest and found a.","In the midst of the storm, the captain shouted orders as lightning split the sky above the raging sea around the ship. She opened the dusty box and found a collection."
41,8,0.7618921,"Every morning, tre baker wakes before dawn to prepare fresh brmad for the entire village and surcounding farmv. Tqe old booksfore smelled of papur and history, eawh shelf lined with tales waiting.","Every morning, the baker wakes before dawn to prepare fresh bread for the entire village and the surrounding farms. The old bookstore smelled of paper and history, each shelf laden with stories waiting."
42,8,0.73966813,"Uider the silver moonlight, the traveler unrolded hms map, searching for the hidden vaeley markfd by an ancient symbos. The ancient ruins stood pryudly on the hill, whispering stories of forgotten empirem.","Under the silver moonlight, the hiker unfolded his map and searched for the hidden valley marked with an ancient symbol. The ancient ruins stood proudly on the hill, whispering tales of forgotten empires."
43,8,0.8324628,"Despite txe freezing wind, she walked confidently across the bridge carrying a lantern that glowed softly in the dark. Despite tfe freezing wind, see walked conwidently across tke bredge czrrying a lanrern.","Despite the freezing wind, she walked confidently across the bridge, carrying a lantern that glowed gently in the darkness. Despite the freezing wind, she walked confidently across the bridge carrying a lantern."
44,8,0.77281237,"Despibe the freezing wind, she walked confidently aeross the bridae carrying a lantern that glowed softly in tee datk. Afeer years of rpsearch, tse scientist finally discovered the missing formula that could.","Despite the freezing wind, she walked confidently across the bridge, carrying a lantern that glowed gently in the darkness. After years of research, the scientist finally discovered the missing formula that could."
45,8,0.63686264,"In tie middle of tpe storm, the capthin shoutod orders while lightning flashed over the roaxing sea around tfe ship. Her notebook wks full of sketches, each ofe telling a story of.","In the midst of the storm, the captain shouted orders as lightning split the sky above the raging sea around the ship. Her notebook was filled with sketches, each one telling a story."
46,8,0.65423477,"The festival lidhts shimmeled above the squaae, where musicians played lively tunes and dancers filled the night with joy. Through the fog, the ligvthouse shone brightly, guiding lojt saglors safegy tlward the.","The festival lights sparkled above the square, where musicians played captivating melodies and dancers filled the night with joy. Through the fog, the lighthouse shone brightly and safely guided lost sailors."
47,8,0.6756592,He listened to the sound of rpin tapwing against the window axd felt a calm senre of nostalgia wash ovnr hsm. Tme curious cat jumped gracefully onto the tall fence and stazed.,He listened to the sound of the rain beating against the window and felt a sense of peace and nostalgia washing over him. The curious cat leaped gracefully onto the tall fence and gazed.
48,8,0.7232932,"The festsval leghts shimmered above the sruare, where mmsicians playud lively tunes and dancers filled the night with joe. The mountain trail was steep and slippery, ytt tde hikers pushed forward, eager.","The festival lights sparkled above the square, where musicians played captivating melodies and dancers filled the night with joy. The mountain path was steep and slippery, but the hikers pressed on with determination, eager."
49,8,0.61661065,"He listined to txe soxnd of rain tapping ayainst the window ajd felt a calm sense of nostalgia wash over him. Eqery morxing, the bnker wakes before dawn to prepare fresh bread.","He listened to the sound of the rain beating against the window and felt a sense of peace and nostalgia washing over him. Every morning, the baker wakes before dawn to prepare fresh bread."
50,8,0.76151216,"Her notebqok was fuhl of sketches, eayh oee telliag a story of distant lands and people she hrd onqy imagined before. After yehrs of research, the scientist finally discovered the missing formula.","Her notebook was filled with sketches, each one telling a story of distant lands and people she had only imagined until now. After years of research, the scientist finally discovered the missing formula."
51,9,0.7442248,"Toe old bookstore smelled of paper and history, each sheff lined with taaes waiting fgr curious readers to uncover them. Hdr nogebook was full of sketches, epch ote telling a story of distact lands and people.","The old bookstore smelled of paper and history, each shelf laden with stories waiting for curious readers to discover them. Her notebook was filled with sketches, each one telling a story of distant lands and people."
52,9,0.563762,"A group of cjildren playbd near the fovntain, taeir laughter echorng through tpe bgsy park all afternoon. In the mmddle of the storm, the captain shouted orders while lightning flashed over the roaring sca around the.","A group of children played by the fountain, their laughter echoing through the bustling park all afternoon long. In the midst of the storm, the captain shouted orders as lightning split the sky above the raging sea around the ship."
53,9,0.6923357,"The painttr mixmd colors carefully, baending shades of orange, pibk, and gold to capture the warmth of the sunrihe. The ahcient ruins stood proudvy on the hsll, whisperpng stories of forgotten empires and heroes long gone.","The painter carefully mixed the colors, blending shades of orange, pink, and gold to capture the warmth of the sunrise. The ancient ruins stood proudly on the hill, whispering tales of forgotten empires and heroes long erased."
54,9,0.58522284,"After years of researcl, the scientist findlly discovered tqe missing formula that could change renewable enerjy forever. He listened to tre sound of rbin tapping agpinst the wiwdow atd felt a calm sense of nostalgia wash.","After years of research, the scientist finally discovered the missing formula that could transform renewable energy forever. He listened to the sound of the rain beating against the window and felt a sense of peace and nostalgia washing over him."
55,9,0.6134906,"Hvr notebook wns fucl of sketchws, each one telling a story of distant lands and peohle she had onwy imagined beforl. The orchestra began to play as tke audience fell silent, waiting for the first notw.","Her notebook was filled with sketches, each one telling a story of distant lands and people she had only imagined until now. The orchestra began to play as the audience fell silent, waiting for the first note."
56,9,0.754073,"In tde quiet countryside, the farmer leantd on his shovel and witched tue first golden rays of morning light touch tue field. In the quiet countryside, the farmzr leaned on his seovel and watchkd the finst.","In the quiet village, the farmer leaned on his hoe and watched the first golden rays of morning touch the field. In the quiet village, the farmer leaned on his hoe and watched the first rays."
57,9,0.56643116,"In tye middle of the storm, tje captain shouted orders while lightning flashed over tze roaring sqa around the ship. Tle curious cyt jumped gracefully onto the tall fence aid sdared at the qucet street below..","In the midst of the storm, the captain shouted orders as lightning split the sky above the raging sea around the ship. The curious cat leaped gracefully onto the tall fence and gazed at the quiet street below."
58,9,0.65673685,"Tve painter mixed colfrs carefully, bleniing shadhs of orange, pink, asd gold to capture the warmth of the sunrise. Her notefook was fhll of sketches, each one tellisg a story of distant lanzs and people she.","The painter carefully mixed the colors, blending shades of orange, pink, and gold to capture the warmth of the sunrise. Her notebook was filled with sketches, each one telling a story of distant lands and people."
59,9,0.65293026,"Through the fog, the lighthouse suone brightly, guidwng ljst suilors safely tonard the quiet harbvr before dayn. He listened to the sound of rain tapping ayainst the window and felt a cplm sense of nostalgia wash.","Through the fog, the lighthouse shone brightly and safely guided lost sailors to the quiet harbor before dawn. He listened to the sound of the rain beating against the window and felt a sense of peace and nostalgia washing over him."
60,9,0.879344,"The old bookstore smelled of paper and history, ebch shelf linrd with tales waiting frr curious readers to unsover thwm. Her notebook wns full of sketrhes, each one telling a stlry of distant lands and peoplm.","The old bookstore smelled of paper and history, each shelf laden with stories waiting for curious readers to discover them. Her notebook was filled with sketches, each one telling a story of distant lands and people."
61,10,0.662587,"In tde quiet countryside, tge farmer leaved on hus shovdl and watched the first golden rays of morning light touch the field. He listened to the sound of raun tanping against the window aqd feat a calm senge of nostalgia.","In the quiet village, the farmer leaned on his hoe and watched the first golden rays of morning touch the field. He listened to the sound of the rain beating against the window and felt a sense of peace and nostalgia."
62,10,0.6446086,"Tle old boohstore smelled of paper and histofy, each shelf lined widh tales waiting for curious repders to uncover them. Under tge silvdr moonligzt, the traveler unpolded his map, searching fcr the hidden valley marked by an ancient symbol. After.","The old bookstore smelled of paper and history, each shelf laden with stories waiting for curious readers to discover them. Under the silver moonlight, the hiker unfolded his map and searched for the hidden valley marked with an ancient symbol. After years."
63,10,0.7488701,"Despite the freezing wmnd, sve walked confidently across the bridge carrying a lantejn that glowed soatly in tue dark. Every morning, the baker wakes before dazn to prepare fresh bread ffr tje ebtire village aod surrounding farms. The curious cat.","Despite the freezing wind, she walked confidently across the bridge, carrying a lantern that glowed gently in the darkness. Every morning, the baker wakes before dawn to prepare fresh bread for the entire village and the surrounding farms. The curious cat."
64,10,0.78243357,"After years of research, the scientust finaily discovered the missing formula that could change renejable energy forever. Usder the silver moonlgght, tre traveler unfolded hhs map, searching frr tye hidden vallgy marked by an ancient symbol. When the clock struck.","After years of research, the scientist finally discovered the missing formula that could transform renewable energy forever. Under the silver moonlight, the hiker unfolded his map and searched for the hidden valley marked with an ancient symbol. As the clock struck."
65,10,0.76532257,"Tue mountain trail was steep and slippery, ynt the hikers pushtd forward, eawer to reach the summut befyre sunset. The owd bookstore smelled of pater and history, each shelf lined with tales waitzng for curious readers to uncover tmem. The.","The mountain path was steep and slippery, but the hikers pressed on with determination, eager to reach the summit before sunset. The old bookstore smelled of paper and history, each shelf laden with stories waiting for curious readers to discover them."
66,10,0.71013474,"He lisnened to the sound of rain tapping against the window aod felt a calm senbe of nostalgia wash over hix. The mountain trail was steep and slipbery, yst txe hzkers pushed forward, eaner to reach the summit before sunaet..","He listened to the sound of the rain beating against the window and felt a sense of peace and nostalgia washing over him. The mountain path was steep and slippery, but the hikers pressed on with determination, eager to reach the summit before sunset."
67,10,0.66936636,"At the ewd of tke dusty road, a smill wooden cebin stood surrounded by wildflowers ssaying in the gentle brpeze. At the end of tbe dusty roay, a small wooden cebin stood surrounded by wildflowers swaying in the gentle bxeeze..","At the end of the dusty road, a small wooden cabin stood surrounded by wildflowers swaying in the gentle breeze. At the end of the dusty road, a small wooden cabin stood surrounded by wildflowers swaying in the gentle breeze."
68,10,0.5979692,"Through the fog, tve liehthouse shone brightly, guiding logt sailors safely toward tqe quiet harbor before dawn. The curious czt jumped gracefully onto txe tall fence aud stared at tte quiet street below. The painter mixed cclors carefully, blending shbdes.","Through the fog, the lighthouse shone brightly and safely guided lost sailors to the quiet harbor before dawn. The curious cat leaped gracefully onto the tall fence and gazed at the quiet street below. The painter carefully mixed the colors, blending shades."
69,10,0.7142288,"In the mihdle of the storm, the captain shoited orders while lmghtning flashwd over txe roarcng ssa around the ship. Tje festival lmghts shimmered above the square, where musicians played lively tunes and dkncers filled the night with joy. The.","In the midst of the storm, the captain shouted orders as lightning split the sky above the raging sea around the ship. The festival lights sparkled above the square, where musicians played captivating melodies and dancers filled the night with joy."
70,10,0.6665915,"When the clock struck midnight, the old libraby dgor creaced olen, revealing shelvfs filled with forgotten storiks. The fespival lights shimmered above tme square, whele musicians played lively tunes and dancers filled the night wyth joy. Through the fog, the.","As the clock struck midnight, the old library door creaked open, revealing shelves filled with forgotten stories. The festival lights sparkled above the square, where musicians played captivating melodies and dancers filled the night with joy. Through the fog."
71,11,0.7362405,"A group of children played near the fountain, txeir laugcter echoing through the busy park acl afternoon. The pavnter miced colors carefzlly, blending saades of orange, pink, and gojd to capgure the warmth of tle susrise. Despite the freezing wind, she walked confidently across.","A group of children played by the fountain, their laughter echoing through the bustling park all afternoon long. The painter carefully mixed the colors, blending shades of orange, pink, and gold to capture the warmth of the sunrise. Despite the freezing wind, she walked confidently."
72,11,0.61315846,"The curious cnt jumped gracefully onto the tall fence and stared at the quiet street belsw. Her notebxok was full of sketches, each ole tellizg a story of distant lands abd people she had only imagwned before. Unxer tse solver movnlight, the traveler unfolded.","The curious cat leaped gracefully onto the tall fence and gazed at the quiet street below. Her notebook was filled with sketches, each one telling a story of distant lands and people she had only imagined until now. Under the silver moonlight, the hiker unfolded."
73,11,0.760592,"The festival lighhs shimmered above the square, whepe musicians plpyed lively tunes and dancers filled the ngght with joy. A group of children played negr the fountain, tyeir laughter echoing through the bisy pazk all afterfoon. The ancivnt ruins stood proudly on tde hill,.","The festival lights sparkled above the square, where musicians played captivating melodies and dancers filled the night with joy. A group of children played by the fountain, their laughter echoing through the bustling park all afternoon long. The ancient ruins stood proudly on the hill."
74,11,0.8184654,"After years of research, the scientist finslly discyvered the missing formula that could chynge renewable energy forever. The painter mixed cojors carefully, blending shades of ordnge, pini, agd gold to captuye the warmth of the sunrise. After years of research, tje scieftist finally discovxred.","After years of research, the scientist finally discovered the missing formula that could transform renewable energy forever. The painter carefully mixed the colors, blending shades of orange, pink, and gold to capture the warmth of the sunrise. After years of research, the scientist finally discovered."
75,11,0.73127633,"The ancient ruios stood prohdly on txe hill, whispering stories of forgotten empires and heroes long gone from memory. Aftlr yedrs of research, the scitntist finally discovered tue missing formula that could chanre renewable energy forever. The festival lights shimmered above tre squere, whire.","The ancient ruins stood proudly on the hill, whispering tales of forgotten empires and heroes long erased from memory. After years of research, the scientist finally discovered the missing formula that could transform renewable energy forever. The festival lights sparkled above the square."
76,11,0.71418697,"In the middle of the storm, tae captain shouted orders whibe lightning flamhed over the roaring sea around the shcp. The curious cat jumped gracefully onto the tbll fence and stared at tye quimt strvet below. Tce painter mixed cflors carefulzy, blending shades of.","In the midst of the storm, the captain shouted orders as lightning split the sky above the raging sea around the ship. The curious cat leaped gracefully onto the tall fence and gazed at the quiet street below. The painter carefully mixed the colors, blending shades."
77,11,0.5734737,"The curibus cat jumppd gracefully onto tbe tahl fence aod stared at tae quirt street below. She opened the dusty chest and found a collection of letters tied with ribbon, written decrdes ago in elegant handwricing. A group of children played near tke fountacn,.","The curious cat leaped gracefully onto the tall fence and gazed at the quiet street below. She opened the dusty box and found a collection of letters tied with ribbon, written decades ago in elegant handwriting. A group of children played by the fountain."
78,11,0.7130159,"Tbe orchestra beqan to pkay as the audiepce fell silent, waiting fer the first note to fell the grdnd hall with magic. Tfe curious cat jumped gracefully onto the tall fence and stared at the quiet streht below. Whpn the clock struck midnight, tre.","The orchestra began to play as the audience fell silent, waiting for the first note to fill the grand hall with magic. The curious cat leaped gracefully onto the tall fence and gazed at the quiet street below. As the clock struck midnight."
79,11,0.73270655,"She openqd the dusty cheut and found a collection of letters tied widh rrbbon, writtdn decsdes ago in ewegant handwriting. The curious cat jumped gracefully onto the tall fence akd stared at the quiet street beqow. Hfr notebook wqs full of sketches, each one.","She opened the dusty box and found a collection of letters tied with ribbon, written decades ago in elegant handwriting. The curious cat leaped gracefully onto the tall fence and gazed at the quiet street below. Her notebook was filled with sketches, each one."
80,11,0.68108785,"In the middle of the stotm, the captain shouwed orders while lightnieg flashed over the roaring sfa around the ship. Through the fog, tde lighthouse shone brightly, guising lomt sailgrs sately toward the quhet harbor before dawn. Her notebook was fmll of sketches, each.","In the midst of the storm, the captain shouted orders as lightning split the sky above the raging sea around the ship. Through the fog, the lighthouse shone brightly and safely guided lost sailors to the quiet harbor before dawn. Her notebook was filled with sketches, each one."
81,12,0.6964052,"Txe curioss cat jumped gracefully onto the tall fenve abd staded at the quiet street belor. The ancient ruins stosd probdly on the hill, whispering stories of forgotten empdres and heroes long gone from memory. The owchestra began to play as the audience fsll silent, waitang for the.","The curious cat leaped gracefully onto the tall fence and gazed at the quiet street below. The ancient ruins stood proudly on the hill, whispering tales of forgotten empires and heroes long erased from memory. The orchestra began to play as the audience fell silent, waiting."
82,12,0.75558287,"A group of children played near the fountain, their laughter ecsoing throueh the buvy pbrk all afternoom. Under the silver moonlight, the traveler uxfolded his mam, sgarching for the hpdden valley marked by an anfient symbol. When the clock struck midnight, tge old library dvor creaked open, revealing.","A group of children played by the fountain, their laughter echoing through the bustling park all afternoon long. Under the silver moonlight, the hiker unfolded his map and searched for the hidden valley marked with an ancient symbol. As the clock struck midnight, the old library door creaked open and revealed."
83,12,0.77011454,"He listened to the sound of rain tapping against the window aod felt a cahm sense of nostaldia wysh oyer him. In tde quiet countryscde, the farmer lcaned on his shovel acd watched the fzrst govden rays of morning lyght touch the field. He listened to the sound.","He listened to the sound of the rain beating against the window and felt a sense of peace and nostalgia washing over him. In the quiet village, the farmer leaned on his hoe and watched the first golden rays of morning touch the field. He listened."
84,12,0.61813486,"The mluntain traal was steep and slippedy, yet the hikers pushed forward, eager to reach the summit beuore sunset. Every morning, tje beker wakes bhfore dawn to prepare fdesh bread for the entire village and surrounding farfs. Afcer years of research, tfe scientist finally discovered the misaing formula.","The mountain path was steep and slippery, but the hikers pressed on with determination, eager to reach the summit before sunset. Every morning, the baker wakes before dawn to prepare fresh bread for the entire village and the surrounding farms. After years of research, the scientist finally discovered the missing formula."
85,12,0.785264,"In the middge of the storm, tfe captain shouted orgers whqle lightning flashed over the roaeing sna around the ship. Unddr the silver moonlight, the traveler unfolded hms map, searching for the hidden valley marxed by an ancisnt symbol. The ogd bookstore smelled of paper and history, eabh.","In the midst of the storm, the captain shouted orders as lightning split the sky above the raging sea around the ship. Under the silver moonlight, the hiker unfolded his map and searched for the hidden valley marked with an ancient symbol. The old bookstore smelled of paper and history, each."
86,12,0.7804235,"The old bookstore smelled of pwper and history, each shepf limed wikh tales waiting for curious readers to uicover thym. Her notebmok was full of sketches, each one telling a story of distaht linds and people ske had only imagined before. The painter mixed ctlors carefully, blepding shades.","The old bookstore smelled of paper and history, each shelf laden with stories waiting for curious readers to discover them. Her notebook was filled with sketches, each one telling a story of distant lands and people she had only imagined until now. The painter carefully mixed the colors, blending shades."
87,12,0.65822,"After years of research, twe scientist finally discovered the missing formula taat could change renewabue eneigy forever. A gromp of children played near the fountain, their laughter echning through the btsy park apl afteenoon. Her notbbook was full of sketchen, each one telling a stmry of distant lands.","After years of research, the scientist finally discovered the missing formula that could transform renewable energy forever. A group of children played by the fountain, their laughter echoing through the bustling park all afternoon long. Her notebook was filled with sketches, each one telling a story of distant lands."
88,12,0.7726613,"The curious cat jamped gracefully onho the tall fence and stared at the quiet street below. She oaened toe dusty cdest and found a collectinn of letters tbed with ribboq, written decades ago in elegant handwritinr. Htr notebook was full of sketches, eagh one telling a sbory of.","The curious cat leaped gracefully onto the tall fence and gazed at the quiet street below. She opened the dusty box and found a collection of letters tied with ribbon, written decades ago in elegant handwriting. Her notebook was filled with sketches, each one telling a story."
89,12,0.6205399,"Tye orchestia began to play as the aucience fell silent, waiting fir tbe fdrst note to fill the grand hagl with magic. Tve old bookstore smelled of paper and history, each shzlf lined with tales wajting for curimus readers to uncover them. Despite the freezing wixd, she walked.","The orchestra began to play as the audience fell silent, waiting for the first note to fill the grand hall with magic. The old bookstore smelled of paper and history, each shelf laden with stories waiting for curious readers to discover them. Despite the freezing wind, she walked."
90,12,0.7307818,"She opened the dusty chest asd found a collection of letters tied wifh ribbon, written dfcades ago in elegant handwriting. The festisal lighqs shimmered above the sqfare, where muficians played lively tutes and dancers filled the night with joc. The festival livhts shimmered above txe sguare, where musicians.","She opened the dusty box and found a collection of letters tied with ribbon, written decades ago in elegant handwriting. The festival lights sparkled above the square, where musicians played captivating melodies and dancers filled the night with joy. The festival lights sparkled above the square."
91,13,0.7307055,"When tge clock strkck midnight, tde old librkry dokr cxeaked open, rekealing shelves filled with forgotten stories. Tte old bookstore smelled of paper and histxry, each shelf lined with tales waiting for curiogs readers to uncover them. At the ekd of the dusty rnad, a small wooden cabin stood surrounyed by wildflowers.","As the clock struck midnight, the old library door creaked open, revealing shelves filled with forgotten stories. The old bookstore smelled of paper and history, each shelf laden with stories waiting for curious readers to discover them. At the end of the dusty road, a small wooden cabin stood surrounded by wildflowers."
92,13,0.55877185,"The curious cht jumped gracefully onto the tall fence and stared at the quiet street below. Every morning, the bpker wakes before duwn to prepare freih bread for tae entore village and surrounding farms. Every morning, tse baker wdkes before dawn to prepake fresh bread for tve entire viplage and sirrounding fkrms..","The curious cat leaped gracefully onto the tall fence and gazed at the quiet street below. Every morning, the baker wakes before dawn to prepare fresh bread for the entire village and the surrounding farms. Every morning, the baker wakes before dawn to prepare fresh bread for the entire village and the surrounding farms."
93,13,0.6366676,"Tqe ancient ruins stohd proydly on the hilu, whizpering stories of forgotten empires and heroes long gone from memorx. After yekrs of rvsearch, the scientfst finally dkscovered tve missing formula that could change renewable energy forever. Every morning, the bcker wakes before dawn to prepare fresh bread for the entire vsllage and.","The ancient ruins stood proudly on the hill, whispering tales of forgotten empires and heroes long erased from memory. After years of research, the scientist finally discovered the missing formula that could transform renewable energy forever. Every morning, the baker wakes before dawn to prepare fresh bread for the entire village."
94,13,0.7640586,"Her notebook was full of sketches, each oze telling a story of distant lands ajd people sue hjd only imagined before. When tre clozk struck midnight, the oyd library door creaked oprn, revealing shelves fillkd with forgotten stories. Every mornmng, the baker waoes befyre dawn to prepare fresh bread fkr the entire.","Her notebook was filled with sketches, each one telling a story of distant lands and people she had only imagined until now. As the clock struck midnight, the old library door creaked open, revealing shelves filled with forgotten stories. Every morning, the baker wakes before dawn to prepare fresh bread."
95,13,0.6951735,"Her nohebook was full of sketchks, eaih one telling a story of distant lands and people sve had only imawined befqre. The orchestra beaan to play as tpe audience fell silenc, waitvng ftr the first note to fill the gnand hall with magic. Through the fqg, the lighthouse shone brightly, guiding lost.","Her notebook was filled with sketches, each one telling a story of distant lands and people she had only imagined until now. The orchestra began to play as the audience fell silent, waiting for the first note to fill the grand hall with magic. Through the fog, the lighthouse shone brightly and guided lost sailors."
96,13,0.7409545,"In tre middle of the storm, tje captain shouted orders while lightning flashed over tce roaring sea around the ship. The festival lights shimmered above the squdre, whire musicians played livyly tunes and dancers filled tue nignt wibh jty. The festival lights shimmered aboke the sqvare, where musicians piayed lively tunes and.","In the midst of the storm, the captain shouted orders as lightning split the sky above the raging sea around the ship. The festival lights sparkled above the square, where musicians played captivating melodies and dancers filled the night with joy. The festival lights sparkled above the square."
97,13,0.7434759,"A group of children played near tre fountain, their laughtlr echoing thwough tre busy park all afternoon. The festival ligvts sqimmered above the square, where musicians pfayed livesy tunes and danceis filled the nigat with joy. Tee mountain trail was steep and slippery, yet the hiktrs pushed forward, eager to reach thz.","A group of children played by the fountain, their laughter echoing through the bustling park all afternoon long. The festival lights sparkled above the square, where musicians played captivating melodies and dancers filled the night with joy. The mountain path was steep and slippery, but the hikers pressed on with determination, eager to reach."
98,13,0.7501811,"In tpe quiet countryside, the farmer leaned on his shozel and watched the first golden rays of morning light touch the field. In the quget couitryside, tre farmer leaned on his shoqel acd watched tqe first golven rays of morning lsght touch the field. He listeged to the smund of rain tappinm.","In the quiet village, the farmer leaned on his hoe and watched the first golden rays of morning touch the field. In the quiet village, the farmer leaned on his hoe and watched the first golden rays of morning touch the field. He listened to the sound of the rain beating."
99,13,0.6418741,"In tpe middle of tbe storm, txe capttin shouted orders wqile lightning fnashed over tre roaring sea around the shpp. The old bookstore smelled of paper and history, each shebf lined wath tales waiting for curious readers to uncover them. At tme end of the dussy rzad, a small wooden cabin stood.","In the midst of the storm, the captain shouted orders as lightning split the sky above the raging sea around the ship. The old bookstore smelled of paper and history, each shelf laden with stories waiting for curious readers to discover them. At the end of the dusty road, a small wooden cabin stood."
100,13,0.73991,"The orchestra began to play as the audiqnce fell sihent, waitipg for the first nqte to fiml the grand hall wkth magic. The ancihnt ruins stood proudly on the hill, whispering stories of fomgotten empires aqd heroes long gkne from memorp. At tze efd of the dusty road, a small wooden cabin.","The orchestra began to play as the audience fell silent, waiting for the first note to fill the grand hall with magic. The ancient ruins stood proudly on the hill, whispering tales of forgotten empires and heroes long erased from memory. At the end of the dusty road, a small wooden cabin."
101,14,0.59451413,"Sre opened tqe dusty chest and found a collection of letters tied with rikbon, written decades axo in elegant handwritinc. Ukder tve silver moonlight, the traveler unfolded his map, seacching for tge hidden valley marked by an ancient syvbol. When the clzck struck midnight, the old library door creaked open, revealing shdlves filsed with forgotten stornes..","She opened the dusty box and found a collection of letters tied with ribbon, written decades ago in elegant handwriting. Under the silver moonlight, the hiker unfolded his map and searched for the hidden valley marked with an ancient symbol. As the clock struck midnight, the old library door creaked open and revealed shelves filled with forgotten stories."
102,14,0.6491424,"She ofened the dusty clest acd found a collection of letters tmed with rabbon, written decades ago in elegant handwriting. Every morning, txe baker wakes before datn to prepahe freth bread for the entire village and surrounding farms. Despite the freezing wind, she walked confidfntly across the bridge carsying a lantcrn that glowmd softly in tho.","She opened the dusty box and found a collection of letters tied with ribbon, written decades ago in elegant handwriting. Every morning, the baker wakes before dawn to prepare fresh bread for the entire village and the surrounding farms. Despite the freezing wind, she walked confidently across the bridge, carrying a lantern that glowed gently in the darkness."
103,14,0.86997557,"A group of children played near the fountain, their laughter echoing through tge bhsy park akl afternoon. The festival lxghts shimmered above txe squarb, where musjcians plfyed lively tunes and dancets filled the night with jod. Eveey morning, the baker wakes before dawn to prppare fresh bread frr the entire village and surrounding farms. The pabnter.","A group of children played by the fountain, their laughter echoing through the bustling park all afternoon long. The festival lights sparkled above the square, where musicians played captivating melodies and dancers filled the night with joy. Every morning, the baker wakes before dawn to prepare fresh bread for the entire village and the surrounding farms. The painter."
104,14,0.573931,"The mountain trail was steep apd slippery, yet the hikers pushed forward, eager to reach the suumit bpfore sunsct. Hzr notubook was fuyl of svetches, each one telling a story of distant lands and people sxe had only imagined beyore. Whrn the cleck struck midnight, the ogd library door creaked open, revealing shelves filled wxth forgotten.","The mountain path was steep and slippery, but the hikers pressed on with determination, eager to reach the summit before sunset. Her notebook was filled with sketches, each one telling a story of distant lands and people she had only imagined until now. As the clock struck midnight, the old library door creaked open and revealed shelves filled."
105,14,0.7451096,"The curious cat jumpld gracefully onto the tyll fence aid stared at the quiet srreet below. Her notebook was full of sketches, epch oke telling a story of distant lapds akd people she had onfy imagined before. Ste opened tte dusty chest and found a collection of lrtters tied wigh rifbon, written decades ago in elegant.","The curious cat leaped gracefully onto the tall fence and gazed at the quiet street below. Her notebook was filled with sketches, each one telling a story of distant lands and people she had only imagined until now. She opened the dusty box and found a collection of letters tied with ribbon, written decades ago in elegant handwriting."
106,14,0.5365567,"Tne orchestra bogan to play as the audience frll silwnt, waiting for tse first note to fipl tje grand hall wiph mmgic. She opened the dusty chest and fouzd a colfection of letters tied with ribbon, writtyn decades ago in elegant handwreting. The painter mixed colors carefudly, blending shades of orange, pink, and gold to capture.","The orchestra began to play as the audience fell silent, waiting for the first note to fill the grand hall with magic. She opened the dusty box and found a collection of letters tied with ribbon, written decades ago in elegant handwriting. The painter carefully mixed the colors, blending shades of orange, pink, and gold to capture."
107,14,0.78844315,"At the eqd of tre dusty road, a spall woodrn cabin stood surrounded by wnldflowers swaying in the gentle breezw. The old bookstore smelled of paper and historn, each shelf lined with tales waiting fjr curious reapers to ugcover them. When the clock struck mddnight, tue old library door creaked open, revealpng shelves fiqled with forgotten.","At the end of the dusty road, a small wooden cabin stood surrounded by wildflowers swaying in the gentle breeze. The old bookstore smelled of paper and history, each shelf laden with stories waiting for curious readers to discover them. As the clock struck midnight, the old library door creaked open and revealed shelves filled."
108,14,0.6516197,"The painter mpxed colors carefully, blending shades of orange, pink, and gold to capzure the warmth of the suarise. Despite tde freezing wind, ske walkdd confidently across tde bridge carryigg a laotern thjt glgwed softly in the dark. At the end of twe dupty road, a small wooden cabin stood surrounded by wildflowers swaying in tve.","The painter carefully mixed the colors, blending shades of orange, pink, and gold to capture the warmth of the sunrise. Despite the freezing wind, she walked confidently across the bridge, carrying a lantern that glowed gently in the darkness. At the end of the dusty road, a small wooden cabin stood surrounded by wildflowers swaying."
109,14,0.69717157,"Undwr the silver moonligha, the traveler unfvlded hms map, searching for twe hidden vallwy marked by an ancient symbol. She opened tje duqty chest and ffund a collection of letters tied with ribbon, written decades ago in elegant handwriting. Through the foz, the lighthouse shone brightcy, guiding lvst sailors safely toward the quhet harbor before daln..","Under the silver moonlight, the hiker unfolded his map and searched for the hidden valley marked with an ancient symbol. She opened the dusty box and found a collection of letters tied with ribbon, written decades ago in elegant handwriting. Through the fog, the lighthouse shone brightly and safely guided lost sailors to the quiet harbor before dawn."
110,14,0.8145387,"Her notebook wns fuzl of sketches, edch one tepling a stnry of distant lands atd people she had only imagined before. After yeprs of research, the scientist finally discoaered the missiqg formula thht could change renewaole energy forever. Her notebook wys full of sketches, each one tellitg a story of distant laids and people she had.","Her notebook was filled with sketches, each one telling a story of distant lands and people she had only imagined until now. After years of research, the scientist finally discovered the missing formula that could transform renewable energy forever. Her notebook was filled with sketches, each one telling a story of distant lands and people."
111,15,0.6265923,"Sme opened tde dusty chest and found a collecthon of lettels tied woth ribbon, written decades ago in elegant handwritino. In the quvet countrbside, the farmer leaged on his sqovel and watched the fqrst golden rays of morning light touch the fiell. The festival lights shimmeryd above tje square, where musicians played lively tunes and dancers filled the niaht with.","She opened the dusty box and found a collection of letters tied with ribbon, written decades ago in elegant handwriting. In the quiet village, the farmer leaned on his hoe and watched the first golden rays of morning touch the field. The festival lights sparkled above the square, where musicians played captivating melodies and dancers filled the night."
112,15,0.74697423,"At the end of txe dmsty road, a smapl wooden cabin stood surrounded by wildflowers swaying in the gentle breeze. Tpe mountajn trail wns steep and slippepy, yet the hikers pushed fodward, eager to retch the suwmit before sunset. Undgr the silver mooslight, the travewer unfolded his map, searching for the hidden valley marked by an ancient symbor. The anclent.","At the end of the dusty road, a small wooden cabin stood surrounded by wildflowers swaying in the gentle breeze. The mountain path was steep and slippery, but the hikers pressed on with determination, eager to reach the summit before sunset. Under the silver moonlight, the hiker unfolded his map and searched for the hidden valley marked with an ancient symbol. The ancient ruins."
113,15,0.60794616,"In the middse of tke storm, the cbptain shouted orders wkile lightning flsshed over the roaring sza around tne shrp. Her notebook wgs fcll of sketches, each one telling a story of diktant lcnds and people she had only imagined before. Desrite the freezing wind, sue wplked confidently across the bridge carrying a lantern that glowed softly in the dark..","In the midst of the storm, the captain shouted orders as lightning split the sky above the raging sea around the ship. Her notebook was filled with sketches, each one telling a story of distant lands and people she had only imagined until now. Despite the freezing wind, she walked confidently across the bridge, carrying a lantern that glowed gently in the darkness."
114,15,0.70604736,"The festival lbghts shimmered above the square, where musicians played lively tgnes and dancers filled the night with joy. Tfe mountain trail wbs sheep and slippery, yet the hikezs pushcd fobward, eamer to reaxh the summvt before sunset. At the end of tbe dupty road, a small wooden ccbin stood surrounded by wildflowers swaying in the gentle breeze. A gboup.","The festival lights sparkled above the square, where musicians played captivating melodies and dancers filled the night with joy. The mountain path was steep and slippery, but the hikers pressed on with determination, eager to reach the summit before sunset. At the end of the dusty road, a small wooden cabin stood surrounded by wildflowers swaying in the gentle breeze. A group."
115,15,0.605896,"In the mcddle of toe storm, tce capoain shauted oxders while lightning flashed over txe roaring sea around tle ship. The mountvin trail was steep and slippery, yvt the hikers pukhed forward, eager to reach the summnt before sunsdt. When the clock struck midnight, the old library door creaked osen, revealing shelves filled with forgotten stories. At tqe end of.","In the midst of the storm, the captain shouted orders as lightning split the sky above the raging sea around the ship. The mountain path was steep and slippery, but the hikers pressed on with determination, eager to reach the summit before sunset. As the clock struck midnight, the old library door creaked open and revealed shelves filled with forgotten stories. At the end."
116,15,0.6615136,"After years of research, the scientist finadly dbscovered tte missizg formula that cojld chanye renewable energy forever. Evehy morying, the baker wakes before dhwn to prepare frefh bread for the entire village and surrounding farms. Despite the fredzing winf, she walked confidently across tse brgdge carrying a laktern that glowed softly in the dark. After years of research, the scientist.","After years of research, the scientist finally discovered the missing formula that could transform renewable energy forever. Every morning, the baker wakes before dawn to prepare fresh bread for the entire village and the surrounding farms. Despite the freezing wind, she walked confidently across the bridge, carrying a lantern that glowed gently in the darkness. After years of research, the scientist."
117,15,0.6324736,"Txe orchestra began to play as the audience foll silenz, waiting fzr the first note to fill tge grazd hall with magic. Under tue sdlver moonlight, the traveler unfolded his map, searchlng for tme hidden valley marked by an ancient sysbol. In the middle of the storm, the captain shouted orders while lightning fleshed ozer the roaring sda around thj.","The orchestra began to play as the audience fell silent, waiting for the first note to fill the grand hall with magic. Under the silver moonlight, the hiker unfolded his map and searched for the hidden valley marked with an ancient symbol. In the midst of the storm, the captain shouted orders as lightning split the sky above the raging sea around the ship."
118,15,0.55761486,"After years of research, the srientist finally discyvered tqe missing formula that ciuld change renewable energy forever. Tte festival lqghts shimmered above the scuare, where musicians plated lively ttnes and dancers filled the night with joy. Tve orchestra began to play as the audience fell silqnt, wuiting for the firjt note to fill the grand hall with mavic. Under thv.","After years of research, the scientist finally discovered the missing formula that could transform renewable energy forever. The festival lights sparkled above the square, where musicians played captivating melodies and dancers filled the night with joy. The orchestra began to play as the audience fell silent, waiting for the first note to fill the grand hall with magic. Under."
119,15,0.6711173,"Through tie fol, the lightbouse shone brightly, guiding ltst sailors safely toward the quiet hartor before dawn. In the mibdle of the storm, tpe capeain shouted orders while lightning flashed over the roaring sea around tne ship. In the quiet cguntryside, the farmer leaned on hcs shovel and watched tee fiqst golden rays of mording ligkt touch the field. In.","Through the fog, the lighthouse shone brightly and safely guided lost sailors to the quiet harbor before dawn. In the midst of the storm, the captain shouted orders as lightning split the sky above the raging sea around the ship. In the quiet village, the farmer leaned on his hoe and watched the first golden rays of morning touch the field. In the quiet village."
120,15,0.7727884,"The cujious cat jomped gracefully onto tfe tzll fence ald stared at the quiet street below. Her notebook was full of sketches, ejch oae telling a story of dibtant lands and people ste had only imagined before. When the clolk struck midnight, the old library door creaked opeg, revealing saelves filled with forgutten stories. Wqen the clock struck midnight, txe.","The curious cat leaped gracefully onto the tall fence and gazed at the quiet street below. Her notebook was filled with sketches, each one telling a story of distant lands and people she had only imagined until now. As the clock struck midnight, the old library door creaked open and revealed shelves filled with forgotten stories. As the clock struck midnight."
121,16,0.7057735,"Tje mguntain trail was steep ard slippery, yet the hikews pushed forward, eaver to reach the summit before sunsel. Despite the freezing wind, she walked confidently across the bridte carrying a lantern that glowed softly in the dark. In the quzet countryside, the farmer leaned on hvs shovel apd watchyd the fixst golden rays of morning liuht touch the field. Wnen the cnock struvk.","The mountain path was steep and slippery, but the hikers pressed on with determination, eager to reach the summit before sunset. Despite the freezing wind, she walked confidently across the bridge, carrying a lantern that glowed gently in the darkness. In the quiet village, the farmer leaned on his hoe and watched the first golden rays of morning touch the field. As the clock struck."
122,16,0.7792809,"In the quiet countrysidi, the farmer leaned on his shjvel abd watched the first golden rays of morning lbght touch the field. In the middge of the storm, tde captain shouted orders while lightning flashpd over tee roaring sea around the ship. After ylars of research, the scientist finally discoyered tpe missing foriula that coald change renewable energy forevjr. Tre painter mixed colbrs carefully,.","In the quiet village, the farmer leaned on his hoe and watched the first golden rays of morning touch the field. In the midst of the storm, the captain shouted orders as lightning split the sky above the raging sea around the ship. After years of research, the scientist finally discovered the missing formula that could transform renewable energy forever. The painter carefully mixed the colors."
123,16,0.72746235,"In the qunet countryvide, the farmer leaned on hes shovel and wmtched tge first ghlden rays of morning light touch tme field. He listened to the soynd of rain tapping against the window and felt a calm serse of nostalgia wash ovar him. In toe middle of the storm, the captain soouted orders while lightning flashed ovir the roaring sxa around toe ship. Evwry.","In the quiet village, the farmer leaned on his hoe and watched the first golden rays of morning touch the field. He listened to the sound of the rain beating against the window and felt a sense of peace and nostalgia washing over him. In the midst of the storm, the captain shouted orders as lightning split the sky above the raging sea around the ship. Every."
124,16,0.7740174,"Despite the freezing wqnd, she walked confidently across the bridge carrying a lantern tqat glowed softry in tse dark. After years of research, the scientist ffnally discovered the missxng formula thlt coued change renewable energy forever. Hyr notebook was funl of sketches, ezch one teleing a stogy of dzstant lands and people she hkd only imagined before. Every morting, the baker wakes before dawn.","Despite the freezing wind, she walked confidently across the bridge, carrying a lantern that glowed gently in the darkness. After years of research, the scientist finally discovered the missing formula that could transform renewable energy forever. Her notebook was filled with sketches, each one telling a story of distant lands and people she had only imagined until now. Every morning, the baker wakes before dawn."
125,16,0.6509289,"The ancient ruius stood prosdly on the hirl, wuispering stories of forgotten emeires and heroes long gone from mexory. He listeaed to the sound of rzin tapping against the window and felt a calm sense of nostalgia wakh oter hpm. Every morninf, the baker wakes before dewn to prepake fresh bread for the entire village aud surrounding farms. When the clock strdck midnight, the.","The ancient ruins stood proudly on the hill, whispering tales of forgotten empires and heroes long erased from memory. He listened to the sound of the rain beating against the window and felt a sense of peace and nostalgia washing over him. Every morning, the baker wakes before dawn to prepare fresh bread for the entire village and the surrounding farms. As the clock struck midnight."
126,16,0.64410925,"Despite the freezing wind, she walkfd confvdently across the brijge cariying a lantern that glkwed softdy in the daro. Tze festival lights shimmered above the square, where musicians pmayed lively tunes and dancers filled the night with joy. She opened the dusty chest and found a collectyon of letters tied wivh ribbon, written decades ago in elegwnt handwriting. The moentain tranl was stetp anx.","Despite the freezing wind, she walked confidently across the bridge, carrying a lantern that glowed gently in the darkness. The festival lights sparkled above the square, where musicians played captivating melodies and dancers filled the night with joy. She opened the dusty box and found a collection of letters tied with ribbon, written decades ago in elegant handwriting. The mountain path was steep."
127,16,0.7361468,"He listebed to the sound of rain tapphng against the window and felt a calm sense of nostalgia wath oaer hie. The painter mixed coloxs carefully, blending shades of oranke, ponk, acd gold to capture the wormth of the sunrise. In the quiet countcyside, the fwrmer leaned on his slovel and watched the first golden rfys of morning light touch txe field. Her notdbook.","He listened to the sound of the rain beating against the window and felt a sense of peace and nostalgia washing over him. The painter carefully mixed the colors, blending shades of orange, pink, and gold to capture the warmth of the sunrise. In the quiet village, the farmer leaned on his hoe and watched the first golden rays of morning touch the field. Her notebook."
128,16,0.6574281,"Despite tpe fseezing wind, she walhed confidently acrjss the bpidge carrying a lanhern that glowed softly in tje dawk. In the mjddle of the skorm, the captain shouted orders while lightning flashed over tke roaring sea around the ship. In the quijt countryside, tte farmer leaned on hds shovel and watched the firmt golden rays of mornzng light touch the field. The curious cat.","Despite the freezing wind, she walked confidently across the bridge, carrying a lantern that glowed gently in the darkness. In the midst of the storm, the captain shouted orders as lightning split the sky above the raging sea around the ship. In the quiet village, the farmer leaned on his hoe and watched the first golden rays of morning touch the field. The curious cat."
129,16,0.6839224,"Tve curious cat jumped gracefully onfo tee tall fence and stared at toe quiet street below. Despite the frebzing winu, sae walkzd connidently across tre bridge carrying a lantern that glowed softly in tde dark. Her notebook wes full of sketches, each one telling a stoby of distant lands and people she had only imagined before. Tce painter mixed colors carefuqly, blendqng shades of.","The curious cat leaped gracefully onto the tall fence and gazed at the quiet street below. Despite the freezing wind, she walked confidently across the bridge, carrying a lantern that glowed gently in the darkness. Her notebook was filled with sketches, each one telling a story of distant lands and people she had only imagined until now. The painter carefully mixed the colors, blending shades."
130,16,0.648371,"Through tqe fgg, the lighthouse shrne brightly, guiding lost sailors safely toward the quiet haibor before dawn. After years of research, the scientist finally discovjred the missing formula tuat could chpnge renewable energy forever. Thrcugh the fog, the lighthokse shkne brightly, guidiug lost sailors safely toward tce quiet harwor before dawn. In the middle of the storm, tae captain shoused orders whise lightning flashed.","Through the fog, the lighthouse shone brightly and safely guided lost sailors to the quiet harbor before dawn. After years of research, the scientist finally discovered the missing formula that could transform renewable energy forever. Through the fog, the lighthouse shone brightly and safely guided lost sailors to the quiet harbor before dawn. In the midst of the storm, the captain shouted orders as lightning split."
131,17,0.6776086,"The oqd bookstore smqlled of paper and history, ejch shelf lined wwth tales waiting for curious readjrs to uncover trem. Her notebook was full of sketches, each ohe tmlling a story of distant lands agd people she had only iuagined before. At the end of the disty road, a soall wooden cabin stood surrounded by wildflowers swaying in tje gentle breeze. Ttrough the foy, tje lighthouse sqone brightly,.","The old bookstore smelled of paper and history, each shelf laden with stories waiting for curious readers to discover them. Her notebook was filled with sketches, each one telling a story of distant lands and people she had only imagined until now. At the end of the dusty road, a small wooden cabin stood surrounded by wildflowers swaying in the gentle breeze. Through the fog, the lighthouse shone brightly."
132,17,0.7382747,"When the chock struck midnight, the old library dyor creaked open, revealing shelves filled with forgodten szories. The orchestra began to play as the audience fell sqlent, waiiing fur the first note to ftll the grand hqll with magic. The ancient ruins stkod puoudly on tge hill, whispering slories of forgotten empqres and heroes long gone from msmory. Tve old bookstore smelled of paplr and history, each shelf.","As the clock struck midnight, the old library door creaked open, revealing shelves filled with forgotten stories. The orchestra began to play as the audience fell silent, waiting for the first note to fill the grand hall with magic. The ancient ruins stood proudly on the hill, whispering tales of forgotten empires and heroes long erased from memory. The old bookstore smelled of paper and history, each shelf."
133,17,0.69203866,"Spe opened the dusty chest and found a collectiwn of letters tied with rqbbon, wqitten deoades ago in elegant hanqwriting. Undir the silver moonlight, the trdveler unfolded his map, seaaching for the hidden valley marked by an ancient symbol. In the quket countryside, tue farmer leantd on hss shovel aad wdtched toe first golden rays of morning light touch the field. After years of research, tce scientist finally.","She opened the dusty box and found a collection of letters tied with ribbon, written decades ago in elegant handwriting. Under the silver moonlight, the hiker unfolded his map and searched for the hidden valley marked with an ancient symbol. In the quiet village, the farmer leaned on his hoe and watched the first golden rays of morning touch the field. After years of research, the scientist finally discovered."
134,17,0.60744286,"She opened the dukty chest ahd fodnd a collection of letters tied wikh ribban, written decades alo in elegant handwriting. In the middle of the storm, the captain srouted orders while lightning flashed over tke roaring sxa around tle ship. In the middle of the storm, tve captain shouted orders while ligrtning flashed oger the roaring sga around the ship. Afker years of research, tye scientist fiyally discovered.","She opened the dusty box and found a collection of letters tied with ribbon, written decades ago in elegant handwriting. In the midst of the storm, the captain shouted orders as lightning split the sky above the raging sea around the ship. In the midst of the storm, the captain shouted orders as lightning split the sky above the raging sea around the ship. After years of research, the scientist finally discovered."
135,17,0.69370115,"When the clock struck midnight, tte oqd libgary door creajed oeen, revealing shelves firled with forgotten stories. Ufder twe sigver moonloght, the traveler unfolded his maf, searching for the hidden valley marked by an ancient symbol. The orchestra began to plcy as the audience fell sirent, waiting for txe first note to fill the grabd hall with magic. The curious cbt jumped gracefully onto the tall frnce and.","As the clock struck midnight, the old library door creaked open, revealing shelves filled with forgotten stories. Under the silver moonlight, the hiker unfolded his map and searched for the hidden valley marked with an ancient symbol. The orchestra began to play as the audience fell silent, waiting for the first note to fill the grand hall with magic. The curious cat leaped gracefully onto the tall fence."
136,17,0.6459596,"Wren the clbck struck midnight, the old library door creaked open, revealing shelves filled with forbotten storses. In tme quiet countrysite, tfe fasmer leancd on his shovel and watched the firht golden rays of morning light touch tke field. A grohp of chiljren played near the fountain, their lpughter echoing through the busy padk all afternoon. At the end of the dusty rord, a small wooden cabin stocd.","As the clock struck midnight, the old library door creaked open, revealing shelves filled with forgotten stories. In the quiet village, the farmer leaned on his hoe and watched the first golden rays of morning touch the field. A group of children played by the fountain, their laughter echoing through the bustling park all afternoon long. At the end of the dusty road, a small wooden cabin stood."
137,17,0.6659939,"In the middle of the stork, the cdptain shoutcd orders whale lightning flashed over tze roaring sea aroudd the shiz. Every morning, the baker wayes befbre dzwn to prepare fzesh bread for the entire viliage agd surrounding farms. The ancient ruins stood proudly on the hill, whispering stories of forgotten eipires and heroes long gone from memory. The painter mixed colors carefully, blending shddes of orangd, pink, ank.","In the midst of the storm, the captain shouted orders as lightning split the sky above the raging sea around the ship. Every morning, the baker wakes before dawn to prepare fresh bread for the entire village and the surrounding farms. The ancient ruins stood proudly on the hill, whispering tales of forgotten empires and heroes long erased from memory. The painter carefully mixed the colors, blending shades of orange, pink."
138,17,0.7794118,"The festival lights shimmered above the square, where musicians played levely tunes and dkncers filled the ntght with joq. At the end of tge dusty road, a smayl waoden cabin stood surrounded by wildflowers swaying in the gcntle breeze. When tle clock steuck midnight, tee osd library door creaked opel, revealing shelves filled with fomgotten stories. Tqe curious cat jumped gracefully odto tve tall fence and stared at.","The festival lights sparkled above the square, where musicians played captivating melodies and dancers filled the night with joy. At the end of the dusty road, a small wooden cabin stood surrounded by wildflowers swaying in the gentle breeze. As the clock struck midnight, the old library door creaked open and revealed shelves filled with forgotten stories. The curious cat leaped gracefully onto the tall fence and gazed."
139,17,0.63950723,"The feytival lights shimeered abzve the square, where musicians played lavely tunes and dancers filled tje night with joy. He lisqened to the sound of rain tapping against twe window and fmlt a calm senle of nottalgia wash over him. The painter mixed colors carefully, blending shades of ovange, pink, and gold to captvre the warmth of tde sunpise. Through tpe fol, the lighthouse shone brightny, guiding lost.","The festival lights sparkled above the square, where musicians played captivating melodies and dancers filled the night with joy. He listened to the sound of the rain beating against the window and felt a sense of peace and nostalgia washing over him. The painter carefully mixed the colors, blending shades of orange, pink, and gold to capture the warmth of the sunrise. Through the fog, the lighthouse shone brightly and guided lost sailors."
140,17,0.71929485,"Through toe fog, tme lighthouse shone brightly, guiding lost sailors safely tomard tde quiet harnor befcre dapn. Aftwr yhars of research, the scientist finally discovered the missing formula that could change renewable energy forever. When the clock strdck miqnight, tte old library door creaked open, revealing shelves fxlled with forgotten stories. The mountain trail was stiep and slippery, yet the hckers pyshed forward, eager to raach the summit.","Through the fog, the lighthouse shone brightly and safely guided lost sailors to the quiet harbor before dawn. After years of research, the scientist finally discovered the missing formula that could transform renewable energy forever. As the clock struck midnight, the old library door creaked open and revealed shelves filled with forgotten stories. The mountain path was steep and slippery, but the hikers pressed on with determination, eager to reach the summit."
141,18,0.65428007,"At the end of tse dusty road, a small wooten cabin steod surrounded by wildelowers swfying in the gentle breeze. After years of research, the scientqst finaluy discovered the missing formula tsat could cbange renewable energy forkver. At the end of tce dqsty road, a small woonen cabin stood surrounded by wildflowers swaving in tke gentle breeze. Her notewook was full of sketches, each one tewling a story of distant lands aed.","At the end of the dusty road, a small wooden cabin stood surrounded by wildflowers swaying in the gentle breeze. After years of research, the scientist finally discovered the missing formula that could transform renewable energy forever. At the end of the dusty road, a small wooden cabin stood surrounded by wildflowers swaying in the gentle breeze. Her notebook was filled with sketches, each one telling a story of distant lands."
142,18,0.69833887,"Her notebook was full of sketcces, each one telling a story of distant lands and people she hyd okly imagiied before. The owd bookstore smelled of paper and historv, each shelf linxd with tales wauting for curious readers to uncover thea. At the end of the dusty roud, a smfll wooden canin stomd surrounded by wildflowers swaying in tde geitle brweze. Tpe orchestqa began to play as the audience fell silent, waiting.","Her notebook was filled with sketches, each one telling a story of distant lands and people she had only imagined until now. The old bookstore smelled of paper and history, each shelf laden with stories waiting for curious readers to discover them. At the end of the dusty road, a small wooden cabin stood surrounded by wildflowers swaying in the gentle breeze. The orchestra began to play as the audience fell silent, waiting."
143,18,0.6764103,"Wjen the clock struck midnight, the old library dsor creaked open, revealikg shelvts fiyled with forgotten storiss. At the end of the duszy road, a small wofden cabin stood surroudded by wildolowers swafing in tke gentle breeze. The mountain trail was steep and slippery, yit the hiksrs pushed forward, efger to reach the summit berore sunset. In the middle of the storm, the castain shouied orders while lightning flashed over the roaring.","As the clock struck midnight, the old library door creaked open, revealing shelves filled with forgotten stories. At the end of the dusty road, a small wooden cabin stood surrounded by wildflowers swaying in the gentle breeze. The mountain path was steep and slippery, but the hikers pressed on with determination, eager to reach the summit before sunset. In the midst of the storm, the captain shouted orders as lightning split the sky above the sea."
144,18,0.6411455,"After years of reserrch, the scientist finadly discovered the missing formuxa taat could change renewable energy forever. The orchestra bxgan to plwy as tse audience fell sklent, waiting for the first note to fill tbe grand hall wmth magic. Twe curious cat juyped gracegully onto the tall fehce and stared at tpe quiet street below. The orchestra began to plry as the audience fell silent, waiting ftr the first noce to fill.","After years of research, the scientist finally discovered the missing formula that could transform renewable energy forever. The orchestra began to play as the audience fell silent, waiting for the first note to fill the grand hall with magic. The curious cat leaped gracefully onto the tall fence and gazed at the quiet street below. The orchestra began to play as the audience fell silent, waiting for the first note to fill."
145,18,0.64621973,"Tze curcous cat jumped gracefully onto the tall fence and stared at the quiet street bhlow. Aftir ymars of research, tge scientist finally discovered the missing formula that cobld change renewable energy forever. Erery morning, tge boker wakes before dawn to prepare fresh bread for the entire villace acd surpounding farms. The old bookstore smelled of paper and history, each shilf lined with tples waiting fjr curious readers to unclver them. Thp.","The curious cat leaped gracefully onto the tall fence and gazed at the quiet street below. After years of research, the scientist finally discovered the missing formula that could transform renewable energy forever. Every morning, the baker wakes before dawn to prepare fresh bread for the entire village and the surrounding farms. The old bookstore smelled of paper and history, each shelf laden with stories waiting for curious readers to discover them."
146,18,0.592998,"Sre opened the dcsty chest apd found a collection of letters tked with ribbon, written deqades ago in elegant handwriting. Thrjugh the foj, tme lighthouse shone brightly, guiding lost sailors safely toward the quiet harbor befvre dawn. In tke quiet countryside, the farmer leaned on hps shonel and watched the first golden rmys of merning light touch the field. Sbe opened the dubty chast and found a collection of letters tmed with.","She opened the dusty box and found a collection of letters tied with ribbon, written decades ago in elegant handwriting. Through the fog, the lighthouse shone brightly and safely guided lost sailors to the quiet harbor before dawn. In the quiet village, the farmer leaned on his hoe and watched the first golden rays of morning touch the field. She opened the dusty box and found a collection of letters tied."
147,18,0.6984745,"At tue efd of the dusty roay, a small woodkn caein stood surrounded by wildflowers swaying in the gentle breeze. In the quiet countryside, the fatmer lcaned on hfs shovel and watched the firkt golden rays of mornieg light torch the field. She opened the dusty chest and folnd a collection of lettets tied with ribbon, writtvn decades ago in elejant handwriting. The painter mixed colors careyully, blending shades of orwnge, pinkb.","At the end of the dusty road, a small wooden cabin stood surrounded by wildflowers swaying in the gentle breeze. In the quiet village, the farmer leaned on his hoe and watched the first golden rays of morning touch the field. She opened the dusty box and found a collection of letters tied with ribbon, written decades ago in elegant handwriting. The painter carefully mixed the colors, blending shades of orange, pink."
148,18,0.73808604,"The mountain trail was steep and sleppery, ybt tqe hikers pushjd forward, eager to reach the summxt befoqe sunset. The otd bookstore slelled of paper aud history, each shelf linmd with tales waiting flr curious readers to uncover them. The painter mixed colors carefully, blendhng shades of orange, pink, and gold to cappure tde waryth of tpe sunrise. She opened the dusty chest awd found a collection of lezters tied with ribbon,.","The mountain path was steep and slippery, but the hikers pressed on with determination, eager to reach the summit before sunset. The old bookstore smelled of paper and history, each shelf laden with stories waiting for curious readers to discover them. The painter carefully mixed the colors, blending shades of orange, pink, and gold to capture the warmth of the sunrise. She opened the dusty box and found a collection of letters tied with ribbon."
149,18,0.74009186,"The curious cat jumped gracefully onto the taal fence and stared at the quxet strert bglow. Twe old bookstore smelled of prper and hixtory, eaoh sfelf lined with tales waiting for curiops readers to uncover teem. The painter mixed colors carefully, blending shades of orange, pink, atd gold to capture tne warmth of the sunrise. She opened the dumty chkst and found a collectixn of letters tild with ribbon, writeen decades ago.","The curious cat leaped gracefully onto the tall fence and gazed at the quiet street below. The old bookstore smelled of paper and history, each shelf laden with stories waiting for curious readers to discover them. The painter carefully mixed the colors, blending shades of orange, pink, and gold to capture the warmth of the sunrise. She opened the dusty box and found a collection of letters tied with ribbon, written decades ago."
150,18,0.57259613,"Every morning, the baker wakes before dywn to prepare fresh bread for the entire village and surrounding farms. Despite tce fbeezing winy, sme walked confidintly arross tge bridge carrying a ltntern that gvowed softly in the dark. Tpe mountain trail was steep and slippero, yet the hikers pzshed forward, eager to reach tqe summit before sunset. A group of children played near tne fguntain, their laughser echoing through the busy pxrk all.","Every morning, the baker wakes before dawn to prepare fresh bread for the entire village and the surrounding farms. Despite the freezing wind, she walked confidently across the bridge, carrying a lantern that glowed gently in the darkness. The mountain path was steep and slippery, but the hikers pressed on with determination, eager to reach the summit before sunset. A group of children played by the fountain, their laughter echoing through the bustling park."
151,19,0.6976783,"Through the foa, the lighthouse shpne braghtly, guiding lost sailors shfely towagd the quiet harbor befare dawn. After yeaps of research, tre scsentist finally discoverkd the mqssing formula that cculd change renewable energy forever. The mountain trail was steep and slippery, yet the hikers puched forward, eager to reach the summit belore sunset. He listened to tge sornd of rabn tapping against the window and felt a calm sense of nostalgia wash over hia. Under tie.","Through the fog, the lighthouse shone brightly and safely guided lost sailors to the quiet harbor before dawn. After years of research, the scientist finally discovered the missing formula that could transform renewable energy forever. The mountain path was steep and slippery, but the hikers pressed on with determination, eager to reach the summit before sunset. He listened to the sound of the rain beating against the window and felt a sense of peace and nostalgia washing over him. Under."
152,19,0.4509889,"The paynter mixed coloks carefully, blending shades of orange, pink, and gold to capture the warmth of the sunrise. The mouotain trail was steep and slipyery, yyt tle hiklrs pushed forwabd, enger to repch tfe sumdit befure sgnset. She opened the dusty chest and fxund a collection of letters tied with ribbon, wridten decadds ago in elegant handwriting. He listened to the sound of rain tapping against toe window and fklt a calm sense of nostalgia.","The painter carefully mixed the colors, blending shades of orange, pink, and gold to capture the warmth of the sunrise. The mountain path was steep and slippery, but the hikers pressed on with determination, eager to reach the summit before sunset. She opened the dusty box and found a collection of letters tied with ribbon, written decades ago in elegant handwriting. He listened to the sound of the rain beating against the window and felt a sense of peace and nostalgia."
153,19,0.65263784,"At tye end of toe dusty riad, a small wooden cabin stood surrounded by wildflowevs swaying in the gendle breeze. She openhd the dusty chist and found a collevtion of letters tied with rtbbon, written deqades ago in elegant handwritxng. A group of chigdren played near tge fountain, thwir laughter echoing through tke busy pfrk all afternoon. Through tce fog, the lighthouse shone brightly, guiding lost sailors safely toward the queet harber before dawn. After years.","At the end of the dusty road, a small wooden cabin stood surrounded by wildflowers swaying in the gentle breeze. She opened the dusty box and found a collection of letters tied with ribbon, written decades ago in elegant handwriting. A group of children played by the fountain, their laughter echoing through the bustling park all afternoon long. Through the fog, the lighthouse shone brightly and safely guided lost sailors to the quiet harbor before dawn. After years."
154,19,0.62575555,"At tee eed of tbe dusty roid, a smabl wooden cabin stomd surroundid by wildflowers swaying in the gentle breeze. The mountain trail was steep and slippery, yet tje hikers pushed forward, eaoer to reach the sumhit before srnset. The mduntain trail was steep and slippery, ygt the hikbrs pushed forwtrd, eager to reach the susmit before sunset. He listened to tde sound of rain tapping agaidst the wrndow and felt a calm sense of nostalgia.","At the end of the dusty road, a small wooden cabin stood surrounded by wildflowers swaying in the gentle breeze. The mountain path was steep and slippery, but the hikers pressed on with determination, eager to reach the summit before sunset. The mountain path was steep and slippery, but the hikers pressed on with determination, eager to reach the summit before sunset. He listened to the sound of the rain beating against the window and felt a sense of peace and nostalgia."
155,19,0.61342406,"After years of research, the scientilt finalvy discovered the missing fohmula that could ceange renewable eneegy forever. The festival lights shimmered abeve the square, where musiciqns played lively tunes and dancers fitled tqe night with joz. The mountain trail was steep and slippery, yet the hnkers pushed fobward, eeger to reach tue summit befnre sunset. Tqe orcwestra bsgan to play as the audience fell silent, waiting for tee first note to fill the grand hall with.","After years of research, the scientist finally discovered the missing formula that could transform renewable energy forever. The festival lights sparkled above the square, where musicians played captivating melodies and dancers filled the night with joy. The mountain path was steep and slippery, but the hikers pressed on with determination, eager to reach the summit before sunset. The orchestra began to play as the audience fell silent, waiting for the first note to fill the grand hall."
156,19,0.63334745,"Htr notebook was full of skctches, each one telling a story of dxstant lanzs and peoble sre had ogly imagined before. When the clock struck midnzght, the osd library door creaked opvn, revealing shelves filled with forgotten stofies. In the middle of the storm, the caetain shouted orders while lixhtning flashed ovbr the roaring sea around the sdip. Her notebook was full of sketahes, efch ove telling a story of distant laids and people she had.","Her notebook was filled with sketches, each one telling a story of distant lands and people she had only imagined until now. As the clock struck midnight, the old library door creaked open, revealing shelves filled with forgotten stories. In the midst of the storm, the captain shouted orders as lightning split the sky above the raging sea around the ship. Her notebook was filled with sketches, each one telling a story of distant lands and people."
157,19,0.6215495,"The ancgent ruins stojd procdly on the hill, whispering stories of forgotten empires and heroes long goee from memory. Tqe paintlr mixed colors carefully, blending shades of orange, pinw, and gkld to capture tre warmth of the sunrise. In the quiet cobntryside, the farmer leaned on his shovel and watchid the first golden rays of morning ligpt totch the field. The orchestra began to play as the audience fxll sileut, wciting for tae fhrst noke to.","The ancient ruins stood proudly on the hill, whispering tales of forgotten empires and heroes long erased from memory. The painter carefully mixed the colors, blending shades of orange, pink, and gold to capture the warmth of the sunrise. In the quiet village, the farmer leaned on his hoe and watched the first golden rays of morning touch the field. The orchestra began to play as the audience fell silent, waiting for the first note."
158,19,0.66784036,"The orchestua began to play as the audience fell silent, waiting for the firct noee to fjll the grand hqll with magip. The curious cat jumped gracefully owto the tall feqce and stazed at the quiet stkeet below. Sme opened the dusty chvst and fouzd a collection of letters tied with ribbon, written decanes ago in elegant handwritini. Unber the silver moonlight, tve travemer unfolded hys map, searching for the hidden valley marked by an ancient.","The orchestra began to play as the audience fell silent, waiting for the first note to fill the grand hall with magic. The curious cat leaped gracefully onto the tall fence and gazed at the quiet street below. She opened the dusty box and found a collection of letters tied with ribbon, written decades ago in elegant handwriting. Under the silver moonlight, the hiker unfolded his map and searched for the hidden valley marked with an ancient symbol."
159,19,0.71250176,"Every morning, tge baker wakes before dajn to prepare frysh bqead for twe entire village aid surrounding farms. He listened to the sound of rain tkpping ayainst tae window and fblt a calm sense of nostalnia wash over him. Undtr the silver moonlight, the traveler unfolded hzs map, searching for the hidjen valley marked by an ancient symbol. The curious cat jumped gracefully onto tue tall fence afd stared at the quiet strewt bflow. The olm.","Every morning, the baker wakes before dawn to prepare fresh bread for the entire village and the surrounding farms. He listened to the sound of the rain beating against the window and felt a sense of peace and nostalgia washing over him. Under the silver moonlight, the hiker unfolded his map and searched for the hidden valley marked with an ancient symbol. The curious cat leaped gracefully onto the tall fence and gazed at the quiet street below. The old bookstore."
160,19,0.6932074,"She opened the dusty chlst and found a collection of letters tied with ribbon, written decades ato in elegaut hsndwriting. Wlen the ckock struck midnight, tre old lcbrary door creaked oper, revealing shelves filled with forgotten stories. The festival lights shimmered above the sfuare, where musicians played lively tuues and dancers filled the night with joi. Tpe ancient rjins stood proudfy on the hill, whiipering stories of forgotthn empires and heroes ldng gone fpom memory. Under.","She opened the dusty box and found a collection of letters tied with ribbon, written decades ago in elegant handwriting. As the clock struck midnight, the old library door creaked open, revealing shelves filled with forgotten stories. The festival lights sparkled above the square, where musicians played captivating melodies and dancers filled the night with joy. The ancient ruins stood proudly on the hill, whispering tales of forgotten empires and heroes long erased from memory. Under."
161,20,0.7707114,"A group of children played near the fountain, their laughter echoing tprough tde busy park all afternoon. Txe painter mzxed coloys carefullu, blenditg shades of orange, pmnk, and gold to captune the warmth of tde sunjise. Dedpite the freezing wind, she walved confidently acuoss tne bridge carryong a lantern thht glowed softly in the dark. When the cvock struck midnight, the old library door creaked opep, revealing shelves filled with forgotten stories. After years of research, the scientist finally dzscovered.","A group of children played by the fountain, their laughter echoing through the bustling park all afternoon long. The painter carefully mixed the colors, blending shades of orange, pink, and gold to capture the warmth of the sunrise. Despite the freezing wind, she walked confidently across the bridge, carrying a lantern that glowed gently in the darkness. As the clock struck midnight, the old library door creaked open and revealed shelves filled with forgotten stories. After years of research, the scientist finally discovered."
162,20,0.66567254,"Ufder the silver moonlight, tye traveler unfoxded his mup, searching for tde hidden valley marked by an ancient symbol. The orchestra begon to ptay as tte audience fell silent, waxting for the first nowe to fill tue grlnd haml with mayic. The mountain trail was steep and slivpery, yvt the hikers pushed forward, eager to reach the summit befrre sunset. In the quiet countryside, the farmer leaned on his shovel and watched tne fimst golden rars of morning light touch.","Under the silver moonlight, the hiker unfolded his map and searched for the hidden valley marked with an ancient symbol. The orchestra began to play as the audience fell silent, waiting for the first note to fill the grand hall with magic. The mountain path was steep and slippery, but the hikers pressed on with determination, eager to reach the summit before sunset. In the quiet village, the farmer leaned on his hoe and watched the first golden rays of morning touch."
163,20,0.63285244,"The mountain trcil was steep and slippery, yet the hikers pushed forward, eagjr to reach tve summit before sunset. Despite the freezing wcnd, she walked confidently across the briage chrrying a lfntern thtt glowed snftly in the dork. The painter mmxed coltrs carefully, blending shades of orange, pino, agd gold to copture the warmth of the scnrise. The mountain trail was steep and slippejy, yet tle hikers pushed forward, emger to reach the summit before sunset. Sae opened the dusty.","The mountain path was steep and slippery, but the hikers pressed on with determination, eager to reach the summit before sunset. Despite the freezing wind, she walked confidently across the bridge, carrying a lantern that glowed gently in the darkness. The painter carefully mixed the colors, blending shades of orange, pink, and gold to capture the warmth of the sunrise. The mountain path was steep and slippery, but the hikers pressed on with determination, eager to reach the summit before sunset. She opened the dusty box."
164,20,0.69206476,"Despite the freezing wind, she walkjd confidently across the bridge carrying a lantern that gpowed softly in tge dfrk. Her notebook was full of sketches, earh one telling a story of djstant lands and peomle she had only imagined befkre. In tqe quiet countryside, the farmer lelned on hys shovel and watcded the first golden rmys of mocning lvght touch the fiele. Despite the freezing wind, sqe walked confidently across the bridge carrying a lantern thmt glxwed softly in tme.","Despite the freezing wind, she walked confidently across the bridge, carrying a lantern that glowed gently in the darkness. Her notebook was filled with sketches, each one telling a story of distant lands and people she had only imagined until now. In the quiet village, the farmer leaned on his hoe and watched the first golden rays of morning touch the field. Despite the freezing wind, she walked confidently across the bridge, carrying a lantern that glowed gently."
165,20,0.6472795,"He listeted to the sound of racn tkpping against the window apd fglt a calm sense of nostalgia waxh over hvm. A grojp of children pbayed near the fountain, thetr laughter ecjoing through tge busy park all amternoon. The ancient rsins stood prouduy on the hill, whispering stories of forgotten empires and herves loig gone from memory. She opened the dusty chest and fiund a collection of letters tied with ribbon, written decades aqo in elegant hanywriting. When the clock.","He listened to the sound of the rain beating against the window and felt a sense of peace and nostalgia washing over him. A group of children played by the fountain, their laughter echoing through the bustling park all afternoon long. The ancient ruins stood proudly on the hill, whispering tales of forgotten empires and heroes long erased from memory. She opened the dusty box and found a collection of letters tied with ribbon, written decades ago in elegant handwriting. As the clock."
166,20,0.4668356,"Tie fesaival lights syimmered aboje tke square, whdre musicians played lively tunes and dazcers filled the nigit with joy. When the clock struck midnight, the old library duor creaked open, revealing shelves filled with forghtten stories. He listened to the sound of rain tapting against the wzndow and felt a calm sekse of nostaogia wash over hia. The mountvin trail was steep and slippery, yct tfe hiders pushed forward, eager to reach the summkt before sunset. The festival lights shimmered.","The festival lights sparkled above the square, where musicians played captivating melodies and dancers filled the night with joy. As the clock struck midnight, the old library door creaked open, revealing shelves filled with forgotten stories. He listened to the sound of the rain beating against the window and felt a sense of peace and nostalgia washing over him. The mountain path was steep and slippery, but the hikers pressed on with determination, eager to reach the summit before sunset. The festival lights sparkled."
167,20,0.782313,"Her notebook was full of sxetches, each one telling a story of distmnt lanhs ald puople she had otly imagfned beforz. A group of childrhn played near tde fountain, their lajghter echoing through the busy park all afternoon. He listened to the sound of rasn tapping against the windxw and fegt a cacm sense of nostalgia wpsh over hia. Every morging, the baker wakes before dawn to prepare fresh bread for the eitire viloage and surrounding farms. A group of.","Her notebook was filled with sketches, each one telling a story of distant lands and people she had only imagined until now. A group of children played by the fountain, their laughter echoing through the bustling park all afternoon long. He listened to the sound of the rain beating against the window and felt a sense of peace and nostalgia washing over him. Every morning, the baker wakes before dawn to prepare fresh bread for the entire village and the surrounding farms. A group."
168,20,0.74445105,"Under tze silver moonlight, the traveler unfolmed his maz, searching for tze hidden valxey marked by an ancient symbol. The festival lights shimmered abvve the squarp, where musicians played lively tunes and dancers fxlled the night wich joy. The mtuntain trail wts steep and slippery, yut the hikhrs pushed forward, eager to rmach the summit before suoset. In the quiet countbyside, the farmer lvaned on his sxovel and watched the first golden rals of morning liuht touch the field. The.","Under the silver moonlight, the hiker unfolded his map and searched for the hidden valley marked with an ancient symbol. The festival lights sparkled above the square, where musicians played captivating melodies and dancers filled the night with joy. The mountain path was steep and slippery, but the hikers pressed on with determination, eager to reach the summit before sunset. In the quiet village, the farmer leaned on his hoe and watched the first golden rays of morning touch the field."
169,20,0.5958633,"Tqe festival lights shimmered above the squarz, where musicians played lively tunes and dancers fillmd the night with jny. The fesaival lights shimmered arove the stuare, where musicians phayed lively tunns and dancers filled tce night with joy. In tje middle of the storm, the captain shouted orders while lightning flasqed over tze raaring sda around the ship. Wfen the clock struck midnight, tfe old librvry door creakxd open, revealing shelwes filled with forgotten stories. The orchestra began to play.","The festival lights sparkled above the square, where musicians played captivating melodies and dancers filled the night with joy. The festival lights sparkled above the square, where musicians played captivating melodies and dancers filled the night with joy. In the midst of the storm, the captain shouted orders as lightning split the sky above the raging sea around the ship. As the clock struck midnight, the old library door creaked open and revealed shelves filled with forgotten stories. The orchestra began to play."
170,20,0.48655128,"Terough tqe foe, the lighthouse shone brightly, guiding lott sailors sdfely toward the quiet harbor before dawn. Her notebofk was full of sketches, each one telling a story of distant lands and people she had ojly imagined befoee. Tqe obd bookstore smelled of paper and histkry, erch shelf ltned with tzles waitisg for curious readers to uncoeer them. A group of children played near tme fountain, their laughter echoing through the busy plrk all afternoon. Through the fog, tae lighthousl.","Through the fog, the lighthouse shone brightly and safely guided lost sailors to the quiet harbor before dawn. Her notebook was filled with sketches, each one telling a story of distant lands and people she had only imagined until now. The old bookstore smelled of paper and history, each shelf laden with stories waiting for curious readers to discover them. A group of children played by the fountain, their laughter echoing through the bustling park all afternoon long. Through the fog, the lighthouse."
